InventoryID,KitchenID,Ingredient,StockQty,WasteQty,ReorderLevel
I00001,K039,Onion,240,1,90
I00002,K027,Spices,464,23,55
I00003,K012,Spices,330,1,119
I00004,K047,Onion,107,12,136
I00005,K024,Rice,84,25,83
I00006,K044,Spices,451,21,43
I00007,K023,Chicken,334,18,89
I00008,K039,Spices,394,14,59
I00009,K013,Milk,260,25,124
I00010,K015,Milk,431,23,93
I00011,K045,Rice,64,4,104
I00012,K049,Cheese,309,15,148
I00013,K023,Spices,245,0,110
I00014,K021,Tomato,71,13,36
I00015,K013,Cheese,230,16,78
I00016,K030,Chicken,243,24,45
I00017,K025,Flour,249,17,82
I00018,K037,Flour,27,14,123
I00019,K038,Chicken,391,10,67
I00020,K018,Paneer,472,10,97
I00021,K031,Paneer,111,16,106
I00022,K007,Oil,102,11,32
I00023,K002,Chicken,38,0,48
I00024,K048,Flour,278,10,81
I00025,K030,Oil,268,15,121
I00026,K028,Rice,20,16,97
I00027,K032,Oil,240,23,109
I00028,K030,Onion,465,23,88
I00029,K015,Paneer,348,23,36
I00030,K042,Tomato,376,13,62
I00031,K048,Cheese,168,24,102
I00032,K020,Flour,110,4,102
I00033,K047,Onion,185,20,143
I00034,K005,Spices,321,13,129
I00035,K005,Tomato,291,7,110
I00036,K030,Chicken,58,20,61
I00037,K026,Flour,294,4,104
I00038,K044,Paneer,213,1,72
I00039,K011,Spices,189,9,75
I00040,K041,Onion,136,9,45
I00041,K041,Cheese,302,17,92
I00042,K020,Onion,405,21,126
I00043,K017,Chicken,70,19,76
I00044,K036,Cheese,285,17,141
I00045,K031,Oil,287,13,144
I00046,K015,Oil,198,12,50
I00047,K026,Paneer,174,16,128
I00048,K048,Spices,135,21,47
I00049,K029,Onion,129,23,127
I00050,K037,Spices,162,23,128
I00051,K007,Rice,418,9,86
I00052,K008,Flour,467,0,32
I00053,K003,Onion,330,18,120
I00054,K043,Milk,38,2,55
I00055,K012,Onion,401,4,144
I00056,K019,Flour,199,9,136
I00057,K050,Onion,368,11,43
I00058,K019,Spices,246,4,144
I00059,K026,Tomato,133,11,35
I00060,K049,Cheese,280,5,98
I00061,K005,Onion,471,1,49
I00062,K032,Paneer,218,16,89
I00063,K046,Tomato,170,12,68
I00064,K008,Milk,448,8,96
I00065,K009,Spices,78,16,104
I00066,K046,Milk,181,18,150
I00067,K041,Tomato,374,4,89
I00068,K032,Onion,448,3,96
I00069,K045,Onion,333,21,131
I00070,K007,Chicken,257,15,117
I00071,K042,Oil,27,16,148
I00072,K010,Spices,129,13,150
I00073,K007,Paneer,323,22,44
I00074,K014,Chicken,216,20,59
I00075,K035,Rice,362,22,123
I00076,K020,Cheese,206,7,36
I00077,K017,Onion,86,0,97
I00078,K048,Spices,92,0,101
I00079,K029,Spices,353,0,62
I00080,K029,Cheese,31,24,119
I00081,K001,Rice,415,16,71
I00082,K048,Rice,402,21,99
I00083,K041,Oil,60,20,72
I00084,K014,Milk,113,4,103
I00085,K002,Spices,499,20,81
I00086,K017,Flour,350,15,49
I00087,K014,Milk,48,12,109
I00088,K049,Milk,137,4,98
I00089,K019,Chicken,106,21,60
I00090,K004,Tomato,40,22,48
I00091,K005,Milk,352,12,79
I00092,K035,Spices,422,16,131
I00093,K011,Onion,23,18,59
I00094,K037,Milk,363,5,82
I00095,K025,Oil,272,5,87
I00096,K002,Oil,317,21,64
I00097,K020,Tomato,32,6,57
I00098,K011,Oil,324,22,33
I00099,K008,Cheese,371,7,132
I00100,K045,Onion,138,6,135
I00101,K015,Tomato,340,3,139
I00102,K019,Tomato,38,4,63
I00103,K041,Spices,342,21,82
I00104,K024,Milk,30,23,84
I00105,K048,Cheese,64,0,95
I00106,K011,Spices,274,12,150
I00107,K027,Spices,49,11,111
I00108,K024,Cheese,367,6,143
I00109,K012,Flour,208,18,49
I00110,K035,Spices,331,16,79
I00111,K016,Spices,435,14,57
I00112,K041,Rice,388,8,64
I00113,K050,Chicken,191,20,52
I00114,K004,Milk,243,21,64
I00115,K040,Flour,500,4,43
I00116,K047,Tomato,496,20,119
I00117,K015,Spices,368,6,101
I00118,K044,Milk,392,13,104
I00119,K008,Onion,467,2,101
I00120,K040,Spices,489,16,73
I00121,K030,Oil,452,3,31
I00122,K041,Oil,403,20,140
I00123,K007,Oil,146,20,85
I00124,K039,Milk,277,0,46
I00125,K015,Oil,107,4,103
I00126,K046,Rice,355,21,83
I00127,K045,Flour,50,6,35
I00128,K026,Cheese,74,1,132
I00129,K036,Oil,155,13,44
I00130,K038,Flour,163,23,98
I00131,K030,Flour,326,21,79
I00132,K028,Chicken,222,8,44
I00133,K047,Tomato,139,19,91
I00134,K044,Chicken,84,7,78
I00135,K027,Milk,210,5,122
I00136,K029,Onion,84,7,74
I00137,K012,Paneer,175,19,130
I00138,K046,Milk,455,0,78
I00139,K047,Flour,81,21,76
I00140,K014,Rice,433,4,146
I00141,K003,Flour,349,12,109
I00142,K034,Flour,446,20,133
I00143,K038,Oil,322,15,141
I00144,K009,Rice,366,19,38
I00145,K039,Onion,164,18,92
I00146,K003,Flour,231,24,32
I00147,K010,Flour,301,15,40
I00148,K017,Onion,268,15,39
I00149,K025,Oil,338,22,67
I00150,K041,Flour,480,12,114
I00151,K002,Oil,313,14,95
I00152,K045,Chicken,296,12,144
I00153,K040,Flour,324,14,54
I00154,K045,Tomato,452,7,71
I00155,K002,Oil,194,12,97
I00156,K017,Chicken,257,16,102
I00157,K048,Tomato,309,4,65
I00158,K018,Flour,172,19,132
I00159,K003,Onion,432,16,98
I00160,K026,Paneer,93,3,132
I00161,K041,Spices,296,22,141
I00162,K017,Paneer,410,17,121
I00163,K009,Flour,32,15,43
I00164,K008,Onion,438,15,48
I00165,K048,Flour,220,17,95
I00166,K006,Flour,138,4,129
I00167,K016,Flour,186,24,79
I00168,K027,Milk,430,7,86
I00169,K026,Milk,275,2,114
I00170,K011,Oil,229,14,82
I00171,K010,Spices,337,14,47
I00172,K029,Cheese,332,24,145
I00173,K014,Oil,127,24,121
I00174,K033,Oil,257,19,116
I00175,K029,Milk,298,25,39
I00176,K048,Flour,491,9,93
I00177,K017,Flour,346,7,74
I00178,K039,Spices,357,19,55
I00179,K007,Oil,235,19,79
I00180,K002,Chicken,396,5,89
I00181,K029,Onion,226,1,72
I00182,K039,Paneer,37,19,103
I00183,K034,Rice,324,18,112
I00184,K002,Cheese,141,6,87
I00185,K037,Paneer,478,14,72
I00186,K030,Paneer,109,23,34
I00187,K041,Tomato,368,0,100
I00188,K023,Paneer,424,6,125
I00189,K020,Oil,142,24,149
I00190,K022,Cheese,240,19,67
I00191,K018,Cheese,266,0,66
I00192,K005,Cheese,324,23,143
I00193,K045,Milk,479,14,87
I00194,K029,Tomato,135,5,36
I00195,K024,Spices,494,15,33
I00196,K043,Milk,44,17,138
I00197,K042,Tomato,489,21,48
I00198,K048,Chicken,123,21,40
I00199,K050,Flour,248,21,88
I00200,K025,Spices,467,13,43
I00201,K036,Spices,483,20,133
I00202,K032,Paneer,309,3,68
I00203,K034,Flour,224,5,74
I00204,K003,Onion,428,15,105
I00205,K006,Oil,427,11,91
I00206,K033,Tomato,226,0,68
I00207,K039,Rice,239,19,117
I00208,K017,Chicken,374,16,82
I00209,K005,Flour,119,21,50
I00210,K020,Paneer,187,15,115
I00211,K005,Tomato,174,17,148
I00212,K016,Rice,383,8,34
I00213,K030,Paneer,184,17,112
I00214,K037,Chicken,66,22,46
I00215,K037,Onion,387,11,47
I00216,K016,Milk,247,7,30
I00217,K001,Paneer,195,11,80
I00218,K012,Paneer,273,2,75
I00219,K039,Oil,244,21,65
I00220,K027,Chicken,160,4,131
I00221,K019,Onion,239,12,122
I00222,K008,Cheese,330,23,93
I00223,K003,Oil,231,15,87
I00224,K047,Cheese,173,12,43
I00225,K049,Cheese,407,4,71
I00226,K043,Oil,69,5,148
I00227,K001,Tomato,239,12,148
I00228,K002,Cheese,404,25,36
I00229,K012,Flour,324,19,60
I00230,K024,Spices,64,23,38
I00231,K031,Tomato,305,21,71
I00232,K038,Onion,198,16,99
I00233,K030,Chicken,300,16,135
I00234,K001,Chicken,152,3,113
I00235,K033,Tomato,489,14,128
I00236,K049,Tomato,48,14,106
I00237,K043,Chicken,290,21,72
I00238,K018,Cheese,432,14,138
I00239,K032,Onion,108,24,135
I00240,K016,Flour,302,17,45
I00241,K041,Paneer,150,20,43
I00242,K037,Tomato,270,14,43
I00243,K032,Cheese,233,22,133
I00244,K040,Spices,206,13,108
I00245,K011,Cheese,349,6,91
I00246,K026,Milk,149,14,57
I00247,K033,Spices,451,17,34
I00248,K015,Rice,484,14,34
I00249,K011,Flour,319,24,105
I00250,K026,Milk,65,22,147
I00251,K032,Spices,361,14,55
I00252,K038,Onion,279,0,31
I00253,K016,Rice,274,25,83
I00254,K010,Chicken,310,2,70
I00255,K003,Cheese,205,8,142
I00256,K035,Tomato,261,11,43
I00257,K031,Chicken,451,17,56
I00258,K040,Paneer,125,9,129
I00259,K050,Chicken,333,7,136
I00260,K043,Cheese,188,4,98
I00261,K009,Milk,443,19,52
I00262,K031,Milk,45,3,133
I00263,K002,Milk,426,17,31
I00264,K038,Milk,226,1,59
I00265,K027,Spices,145,12,149
I00266,K001,Oil,413,12,134
I00267,K044,Spices,97,9,98
I00268,K030,Chicken,216,20,108
I00269,K033,Chicken,204,24,137
I00270,K009,Paneer,369,16,61
I00271,K043,Onion,346,4,83
I00272,K028,Chicken,303,9,147
I00273,K013,Flour,259,25,39
I00274,K034,Paneer,287,6,121
I00275,K002,Chicken,140,20,142
I00276,K007,Spices,494,0,79
I00277,K004,Milk,395,5,126
I00278,K010,Oil,185,22,85
I00279,K002,Oil,450,10,133
I00280,K041,Oil,228,23,73
I00281,K033,Rice,76,7,53
I00282,K014,Flour,450,21,35
I00283,K023,Cheese,270,16,57
I00284,K045,Spices,362,24,51
I00285,K036,Paneer,312,15,121
I00286,K034,Flour,165,19,90
I00287,K045,Rice,260,10,84
I00288,K003,Spices,116,4,56
I00289,K046,Cheese,258,24,146
I00290,K029,Cheese,251,20,33
I00291,K038,Flour,384,10,34
I00292,K050,Tomato,300,22,135
I00293,K041,Milk,195,1,57
I00294,K029,Onion,442,21,142
I00295,K035,Cheese,329,9,140
I00296,K021,Cheese,398,2,95
I00297,K038,Tomato,91,11,55
I00298,K035,Rice,234,19,40
I00299,K001,Cheese,352,3,101
I00300,K004,Chicken,452,1,94
I00301,K035,Flour,375,16,136
I00302,K035,Tomato,213,11,146
I00303,K004,Milk,325,0,108
I00304,K019,Cheese,155,21,94
I00305,K006,Spices,82,12,121
I00306,K049,Tomato,382,22,108
I00307,K039,Rice,136,12,123
I00308,K018,Chicken,244,24,94
I00309,K026,Onion,288,8,45
I00310,K024,Rice,433,24,83
I00311,K004,Milk,437,2,133
I00312,K006,Chicken,498,19,140
I00313,K014,Paneer,462,7,94
I00314,K038,Cheese,153,4,126
I00315,K002,Rice,428,16,93
I00316,K001,Tomato,203,15,93
I00317,K022,Rice,423,12,30
I00318,K014,Paneer,126,16,46
I00319,K046,Spices,57,15,96
I00320,K029,Cheese,221,18,89
I00321,K006,Onion,141,21,112
I00322,K010,Spices,400,9,61
I00323,K049,Flour,489,5,145
I00324,K041,Flour,47,0,127
I00325,K033,Onion,244,1,42
I00326,K035,Milk,150,3,68
I00327,K050,Flour,427,25,115
I00328,K030,Chicken,229,21,106
I00329,K015,Tomato,155,11,61
I00330,K048,Rice,273,19,136
I00331,K015,Rice,264,10,130
I00332,K033,Chicken,72,25,111
I00333,K033,Spices,319,23,84
I00334,K030,Chicken,107,3,86
I00335,K028,Milk,411,8,112
I00336,K027,Milk,283,3,68
I00337,K010,Chicken,320,21,98
I00338,K020,Tomato,207,16,121
I00339,K022,Tomato,289,16,73
I00340,K039,Chicken,301,4,32
I00341,K010,Cheese,359,6,136
I00342,K046,Spices,206,12,120
I00343,K037,Chicken,234,24,132
I00344,K012,Rice,470,25,133
I00345,K007,Spices,79,23,147
I00346,K018,Oil,441,14,145
I00347,K021,Oil,81,8,50
I00348,K012,Spices,359,13,125
I00349,K034,Chicken,447,6,61
I00350,K027,Paneer,310,18,76
I00351,K005,Flour,41,24,80
I00352,K033,Milk,173,2,128
I00353,K033,Paneer,460,7,109
I00354,K005,Onion,400,11,150
I00355,K007,Chicken,253,21,132
I00356,K019,Flour,193,14,75
I00357,K029,Tomato,162,1,129
I00358,K035,Tomato,70,17,112
I00359,K016,Oil,223,9,31
I00360,K012,Flour,71,5,115
I00361,K018,Milk,389,19,38
I00362,K026,Flour,135,23,124
I00363,K004,Tomato,468,20,103
I00364,K012,Milk,228,19,112
I00365,K017,Paneer,216,3,134
I00366,K029,Oil,86,13,88
I00367,K025,Onion,217,17,58
I00368,K034,Chicken,358,13,83
I00369,K047,Tomato,358,20,109
I00370,K013,Chicken,409,9,92
I00371,K022,Tomato,95,0,72
I00372,K049,Paneer,136,7,134
I00373,K041,Paneer,39,22,58
I00374,K041,Rice,449,13,139
I00375,K019,Milk,28,23,70
I00376,K007,Oil,219,25,68
I00377,K039,Flour,285,19,38
I00378,K009,Onion,395,15,110
I00379,K034,Flour,376,20,100
I00380,K001,Tomato,254,22,109
I00381,K034,Spices,292,16,139
I00382,K038,Paneer,267,19,84
I00383,K017,Milk,394,13,50
I00384,K002,Flour,266,21,137
I00385,K050,Spices,38,13,106
I00386,K038,Flour,282,8,59
I00387,K037,Milk,327,4,140
I00388,K018,Chicken,346,14,142
I00389,K014,Tomato,364,24,143
I00390,K039,Tomato,174,20,38
I00391,K002,Tomato,416,4,140
I00392,K038,Onion,396,12,46
I00393,K039,Paneer,322,10,91
I00394,K033,Paneer,348,8,130
I00395,K020,Tomato,157,24,95
I00396,K006,Milk,163,20,134
I00397,K003,Paneer,491,9,147
I00398,K042,Chicken,151,25,110
I00399,K002,Oil,232,11,134
I00400,K026,Paneer,365,17,66
I00401,K048,Paneer,151,2,127
I00402,K021,Oil,228,22,54
I00403,K023,Rice,140,7,129
I00404,K043,Cheese,50,3,148
I00405,K028,Rice,453,14,46
I00406,K050,Paneer,199,3,46
I00407,K031,Tomato,392,9,39
I00408,K044,Chicken,105,19,136
I00409,K027,Flour,22,14,55
I00410,K028,Tomato,383,18,74
I00411,K036,Spices,433,11,57
I00412,K016,Onion,170,24,30
I00413,K046,Milk,271,23,89
I00414,K024,Paneer,257,22,55
I00415,K029,Onion,310,17,52
I00416,K038,Chicken,39,6,72
I00417,K026,Spices,304,17,140
I00418,K024,Onion,98,8,57
I00419,K012,Tomato,404,1,41
I00420,K030,Spices,365,2,75
I00421,K021,Chicken,408,6,131
I00422,K049,Onion,57,14,100
I00423,K011,Rice,261,10,131
I00424,K033,Tomato,45,23,60
I00425,K050,Milk,263,7,31
I00426,K033,Flour,184,15,69
I00427,K050,Cheese,71,6,48
I00428,K032,Flour,39,1,88
I00429,K021,Spices,420,2,126
I00430,K047,Milk,325,18,113
I00431,K045,Paneer,387,24,141
I00432,K046,Chicken,224,1,141
I00433,K014,Cheese,90,0,60
I00434,K048,Cheese,193,22,39
I00435,K041,Oil,103,16,119
I00436,K026,Onion,96,10,42
I00437,K029,Onion,312,12,132
I00438,K015,Flour,250,2,49
I00439,K018,Chicken,468,10,39
I00440,K030,Paneer,362,10,56
I00441,K010,Spices,403,21,42
I00442,K033,Milk,327,25,116
I00443,K034,Spices,101,18,111
I00444,K049,Oil,369,9,42
I00445,K045,Oil,156,24,84
I00446,K005,Oil,23,22,134
I00447,K006,Chicken,427,11,112
I00448,K014,Tomato,379,25,112
I00449,K006,Milk,81,20,69
I00450,K003,Cheese,177,3,78
I00451,K011,Onion,363,21,53
I00452,K012,Rice,463,11,148
I00453,K049,Rice,27,7,89
I00454,K018,Rice,334,12,33
I00455,K045,Milk,108,22,147
I00456,K019,Tomato,343,18,63
I00457,K025,Milk,388,7,41
I00458,K035,Onion,427,21,145
I00459,K048,Spices,210,10,32
I00460,K029,Flour,467,23,139
I00461,K003,Oil,69,18,48
I00462,K050,Rice,111,4,71
I00463,K023,Milk,103,25,102
I00464,K001,Onion,434,7,41
I00465,K038,Cheese,206,24,60
I00466,K036,Cheese,485,18,85
I00467,K029,Tomato,248,2,117
I00468,K030,Chicken,267,21,129
I00469,K024,Tomato,164,12,82
I00470,K043,Flour,23,9,133
I00471,K033,Spices,434,25,72
I00472,K022,Oil,271,7,72
I00473,K004,Rice,296,4,76
I00474,K050,Paneer,222,11,33
I00475,K004,Milk,415,5,31
I00476,K033,Cheese,286,3,66
I00477,K040,Chicken,22,25,144
I00478,K020,Spices,44,7,125
I00479,K005,Flour,236,22,105
I00480,K023,Spices,169,10,89
I00481,K033,Cheese,126,6,150
I00482,K011,Paneer,296,23,140
I00483,K039,Cheese,78,8,137
I00484,K016,Chicken,366,5,136
I00485,K049,Onion,477,9,144
I00486,K015,Milk,90,19,43
I00487,K019,Milk,403,3,144
I00488,K012,Chicken,220,22,119
I00489,K016,Flour,132,19,95
I00490,K009,Flour,497,2,118
I00491,K026,Rice,22,22,129
I00492,K026,Paneer,314,20,45
I00493,K006,Chicken,149,22,44
I00494,K027,Paneer,433,16,102
I00495,K002,Paneer,114,13,64
I00496,K050,Rice,315,5,97
I00497,K011,Cheese,24,11,88
I00498,K032,Rice,64,12,33
I00499,K003,Milk,453,22,41
I00500,K037,Rice,157,15,105
I00501,K003,Rice,370,13,96
I00502,K026,Milk,151,18,136
I00503,K030,Onion,33,23,113
I00504,K018,Rice,246,22,69
I00505,K040,Tomato,439,25,72
I00506,K042,Spices,368,12,118
I00507,K043,Cheese,226,17,48
I00508,K023,Flour,340,23,119
I00509,K047,Tomato,370,11,107
I00510,K043,Oil,130,19,146
I00511,K045,Cheese,183,15,130
I00512,K039,Paneer,24,8,37
I00513,K009,Onion,314,1,79
I00514,K047,Oil,467,0,83
I00515,K033,Tomato,73,22,123
I00516,K018,Chicken,99,15,131
I00517,K016,Spices,131,24,139
I00518,K049,Paneer,388,18,112
I00519,K017,Rice,113,16,108
I00520,K031,Chicken,173,22,92
I00521,K017,Onion,399,20,88
I00522,K014,Tomato,229,11,145
I00523,K006,Tomato,305,10,56
I00524,K006,Cheese,325,18,133
I00525,K040,Spices,21,2,54
I00526,K037,Oil,353,9,76
I00527,K043,Onion,456,0,84
I00528,K026,Rice,492,23,113
I00529,K022,Flour,279,15,100
I00530,K048,Tomato,318,25,120
I00531,K009,Flour,240,10,90
I00532,K049,Tomato,222,13,129
I00533,K029,Milk,116,12,78
I00534,K009,Flour,265,8,34
I00535,K040,Onion,480,18,106
I00536,K031,Tomato,86,25,77
I00537,K036,Flour,297,4,134
I00538,K006,Onion,191,20,101
I00539,K004,Spices,223,8,96
I00540,K015,Spices,266,13,131
I00541,K007,Flour,108,14,132
I00542,K016,Paneer,333,2,115
I00543,K025,Spices,499,18,136
I00544,K033,Onion,174,3,89
I00545,K046,Milk,352,2,30
I00546,K027,Oil,298,23,107
I00547,K028,Paneer,121,3,64
I00548,K001,Tomato,476,16,118
I00549,K039,Onion,471,15,44
I00550,K030,Onion,492,20,145
I00551,K046,Rice,111,17,35
I00552,K041,Flour,308,21,40
I00553,K022,Oil,447,18,94
I00554,K006,Spices,164,20,79
I00555,K033,Onion,148,10,102
I00556,K034,Chicken,273,23,98
I00557,K016,Oil,297,12,49
I00558,K022,Oil,126,11,107
I00559,K048,Paneer,466,12,42
I00560,K033,Paneer,362,5,140
I00561,K029,Flour,160,12,59
I00562,K020,Paneer,210,12,82
I00563,K015,Onion,282,21,53
I00564,K012,Tomato,143,5,96
I00565,K044,Tomato,339,21,92
I00566,K048,Cheese,148,20,82
I00567,K011,Chicken,36,18,139
I00568,K025,Cheese,255,12,68
I00569,K023,Milk,48,2,51
I00570,K019,Milk,464,18,102
I00571,K029,Cheese,126,5,118
I00572,K017,Spices,441,6,115
I00573,K001,Tomato,445,8,123
I00574,K036,Spices,285,19,131
I00575,K038,Paneer,258,23,66
I00576,K030,Cheese,50,16,136
I00577,K049,Chicken,44,7,45
I00578,K011,Spices,260,2,134
I00579,K032,Tomato,159,21,39
I00580,K030,Paneer,360,18,66
I00581,K043,Rice,274,14,37
I00582,K041,Oil,291,22,150
I00583,K050,Spices,66,13,33
I00584,K047,Spices,360,6,46
I00585,K042,Milk,197,3,104
I00586,K025,Chicken,228,0,104
I00587,K050,Paneer,250,18,32
I00588,K033,Rice,115,5,110
I00589,K019,Onion,498,15,118
I00590,K048,Chicken,428,6,113
I00591,K005,Flour,444,22,83
I00592,K012,Milk,493,7,33
I00593,K029,Flour,152,4,130
I00594,K006,Rice,410,20,116
I00595,K030,Milk,93,4,44
I00596,K044,Tomato,245,5,105
I00597,K029,Oil,283,17,114
I00598,K042,Paneer,137,24,78
I00599,K016,Cheese,223,17,84
I00600,K008,Oil,216,13,92
I00601,K021,Rice,304,3,73
I00602,K033,Chicken,437,15,123
I00603,K002,Onion,48,13,31
I00604,K028,Flour,183,2,122
I00605,K021,Milk,497,24,68
I00606,K006,Milk,93,19,106
I00607,K043,Tomato,344,23,98
I00608,K026,Paneer,371,10,142
I00609,K036,Rice,300,25,44
I00610,K030,Chicken,473,7,90
I00611,K008,Spices,258,16,113
I00612,K005,Oil,24,5,104
I00613,K037,Flour,360,13,123
I00614,K019,Rice,343,1,135
I00615,K035,Rice,452,15,99
I00616,K034,Oil,225,0,105
I00617,K022,Paneer,351,6,57
I00618,K012,Onion,329,9,76
I00619,K020,Cheese,114,11,63
I00620,K007,Cheese,168,25,142
I00621,K042,Onion,117,17,136
I00622,K019,Chicken,41,13,132
I00623,K031,Cheese,198,13,122
I00624,K042,Onion,476,23,76
I00625,K045,Onion,80,21,54
I00626,K013,Cheese,132,0,33
I00627,K034,Rice,171,2,33
I00628,K016,Onion,370,4,73
I00629,K043,Milk,117,25,55
I00630,K036,Paneer,315,15,48
I00631,K030,Milk,390,11,126
I00632,K006,Flour,220,4,146
I00633,K019,Milk,52,25,51
I00634,K046,Spices,78,22,42
I00635,K030,Flour,391,3,68
I00636,K031,Flour,286,19,67
I00637,K007,Onion,473,23,129
I00638,K039,Chicken,126,0,76
I00639,K037,Chicken,31,18,120
I00640,K050,Paneer,500,22,55
I00641,K020,Onion,446,16,86
I00642,K043,Chicken,181,16,53
I00643,K033,Oil,189,4,136
I00644,K035,Onion,432,3,72
I00645,K047,Oil,111,11,146
I00646,K034,Paneer,44,7,134
I00647,K033,Flour,425,21,59
I00648,K018,Tomato,410,19,62
I00649,K026,Tomato,389,12,144
I00650,K003,Onion,185,5,139
I00651,K050,Cheese,105,23,131
I00652,K018,Spices,266,9,101
I00653,K042,Rice,379,20,83
I00654,K045,Spices,252,23,79
I00655,K048,Oil,340,19,150
I00656,K020,Cheese,421,23,45
I00657,K030,Milk,378,22,133
I00658,K033,Flour,261,4,76
I00659,K037,Chicken,274,14,122
I00660,K001,Chicken,143,24,149
I00661,K037,Oil,410,12,61
I00662,K012,Chicken,196,22,82
I00663,K047,Flour,110,4,85
I00664,K043,Oil,176,10,93
I00665,K024,Rice,449,18,63
I00666,K019,Chicken,427,21,122
I00667,K024,Paneer,479,16,133
I00668,K036,Oil,180,9,41
I00669,K027,Milk,369,6,114
I00670,K033,Cheese,259,2,138
I00671,K029,Chicken,480,0,85
I00672,K018,Flour,303,19,36
I00673,K050,Tomato,370,6,91
I00674,K048,Oil,372,11,52
I00675,K004,Flour,452,2,48
I00676,K015,Cheese,44,15,88
I00677,K001,Chicken,247,22,74
I00678,K033,Onion,96,6,119
I00679,K046,Oil,355,16,60
I00680,K021,Rice,469,24,103
I00681,K047,Paneer,93,11,91
I00682,K011,Spices,368,0,120
I00683,K037,Chicken,89,21,30
I00684,K031,Rice,478,12,68
I00685,K013,Onion,396,22,65
I00686,K040,Milk,369,1,109
I00687,K012,Cheese,26,14,126
I00688,K024,Cheese,396,15,81
I00689,K027,Oil,433,19,109
I00690,K042,Spices,110,5,37
I00691,K013,Spices,414,5,147
I00692,K007,Tomato,173,16,139
I00693,K041,Spices,400,21,45
I00694,K024,Rice,264,21,59
I00695,K035,Rice,186,15,43
I00696,K049,Spices,24,5,100
I00697,K005,Cheese,105,14,116
I00698,K028,Oil,89,20,141
I00699,K009,Flour,206,1,106
I00700,K003,Oil,467,5,128
I00701,K003,Rice,476,8,51
I00702,K024,Tomato,440,17,65
I00703,K007,Tomato,145,11,92
I00704,K017,Milk,168,3,127
I00705,K037,Paneer,132,14,142
I00706,K036,Rice,236,13,74
I00707,K036,Cheese,371,13,36
I00708,K001,Oil,25,20,127
I00709,K028,Chicken,280,11,35
I00710,K022,Chicken,246,1,118
I00711,K032,Milk,202,24,80
I00712,K027,Milk,496,16,149
I00713,K050,Chicken,284,21,79
I00714,K023,Tomato,85,23,72
I00715,K041,Oil,300,15,36
I00716,K025,Oil,463,6,134
I00717,K048,Milk,87,20,113
I00718,K043,Spices,86,17,61
I00719,K001,Flour,21,18,41
I00720,K007,Spices,50,1,66
I00721,K044,Spices,322,6,129
I00722,K018,Tomato,254,17,129
I00723,K040,Onion,260,21,132
I00724,K044,Flour,332,24,69
I00725,K017,Oil,27,19,83
I00726,K026,Spices,318,18,115
I00727,K008,Onion,123,6,53
I00728,K003,Rice,103,6,111
I00729,K001,Spices,37,16,52
I00730,K007,Tomato,87,3,88
I00731,K008,Spices,262,14,74
I00732,K012,Rice,422,15,62
I00733,K038,Rice,378,25,58
I00734,K020,Paneer,471,23,83
I00735,K025,Cheese,257,12,115
I00736,K020,Milk,392,13,96
I00737,K021,Oil,184,2,135
I00738,K014,Paneer,238,12,136
I00739,K044,Rice,424,25,46
I00740,K015,Milk,389,19,100
I00741,K048,Rice,344,19,36
I00742,K050,Flour,331,7,64
I00743,K020,Cheese,489,2,58
I00744,K044,Oil,345,19,141
I00745,K038,Spices,76,16,65
I00746,K026,Paneer,423,2,99
I00747,K006,Flour,451,16,122
I00748,K018,Onion,215,6,84
I00749,K015,Flour,190,14,34
I00750,K013,Chicken,394,14,120
I00751,K039,Oil,392,14,87
I00752,K022,Cheese,272,7,133
I00753,K034,Onion,320,24,49
I00754,K025,Spices,232,6,125
I00755,K043,Spices,78,15,30
I00756,K011,Onion,110,3,65
I00757,K003,Cheese,89,7,39
I00758,K048,Flour,387,8,144
I00759,K044,Tomato,403,16,91
I00760,K048,Paneer,295,21,59
I00761,K004,Oil,328,14,71
I00762,K039,Chicken,91,4,127
I00763,K026,Paneer,271,11,115
I00764,K039,Chicken,64,21,129
I00765,K048,Rice,175,7,119
I00766,K015,Chicken,149,9,32
I00767,K020,Cheese,294,24,110
I00768,K037,Chicken,331,11,143
I00769,K019,Milk,360,14,99
I00770,K049,Oil,434,16,111
I00771,K028,Tomato,192,19,55
I00772,K017,Onion,356,16,48
I00773,K003,Tomato,103,23,46
I00774,K026,Flour,298,2,91
I00775,K008,Cheese,37,11,101
I00776,K043,Onion,247,22,47
I00777,K049,Milk,293,15,129
I00778,K047,Oil,262,4,118
I00779,K030,Cheese,54,15,106
I00780,K025,Chicken,185,6,111
I00781,K004,Flour,59,1,109
I00782,K018,Chicken,369,1,85
I00783,K045,Milk,339,19,103
I00784,K018,Cheese,46,1,41
I00785,K025,Cheese,117,9,135
I00786,K006,Oil,80,18,124
I00787,K018,Milk,49,19,144
I00788,K032,Flour,257,11,112
I00789,K044,Onion,302,19,125
I00790,K045,Oil,224,19,147
I00791,K027,Spices,252,24,56
I00792,K039,Onion,90,0,145
I00793,K045,Milk,417,20,94
I00794,K034,Paneer,310,14,78
I00795,K032,Paneer,328,25,116
I00796,K021,Flour,138,4,50
I00797,K027,Onion,155,25,129
I00798,K032,Paneer,475,8,139
I00799,K019,Flour,432,5,148
I00800,K029,Rice,298,2,133
I00801,K015,Oil,448,16,96
I00802,K029,Rice,374,9,39
I00803,K039,Flour,67,9,99
I00804,K022,Flour,475,3,46
I00805,K039,Rice,359,5,148
I00806,K043,Flour,205,23,98
I00807,K039,Spices,468,18,102
I00808,K024,Cheese,188,13,145
I00809,K049,Paneer,68,2,62
I00810,K017,Flour,93,18,93
I00811,K002,Rice,184,0,127
I00812,K047,Flour,385,10,58
I00813,K048,Flour,202,5,121
I00814,K004,Tomato,335,12,123
I00815,K019,Flour,244,18,106
I00816,K017,Tomato,386,12,80
I00817,K042,Oil,249,17,54
I00818,K031,Cheese,336,20,103
I00819,K039,Oil,297,1,100
I00820,K034,Milk,321,0,48
I00821,K040,Tomato,315,12,80
I00822,K043,Rice,374,8,112
I00823,K001,Onion,31,4,109
I00824,K039,Onion,445,25,48
I00825,K019,Cheese,373,0,150
I00826,K034,Oil,454,20,48
I00827,K011,Onion,152,17,61
I00828,K041,Cheese,47,25,122
I00829,K001,Spices,335,19,84
I00830,K002,Tomato,161,11,72
I00831,K031,Oil,309,17,110
I00832,K032,Oil,49,25,46
I00833,K047,Milk,376,16,103
I00834,K027,Flour,35,20,102
I00835,K019,Tomato,387,13,121
I00836,K044,Chicken,255,14,82
I00837,K026,Rice,402,15,113
I00838,K028,Cheese,197,14,118
I00839,K009,Spices,499,18,65
I00840,K040,Paneer,285,15,119
I00841,K009,Cheese,128,22,116
I00842,K012,Spices,218,15,126
I00843,K003,Chicken,215,18,37
I00844,K018,Rice,63,12,52
I00845,K015,Oil,298,23,75
I00846,K012,Milk,161,16,107
I00847,K040,Rice,151,23,123
I00848,K003,Milk,428,7,80
I00849,K014,Chicken,353,9,129
I00850,K009,Chicken,56,22,60
I00851,K031,Onion,145,18,132
I00852,K014,Milk,269,10,95
I00853,K025,Cheese,229,0,85
I00854,K015,Onion,360,20,68
I00855,K004,Flour,412,15,49
I00856,K050,Paneer,435,17,72
I00857,K036,Cheese,200,16,56
I00858,K028,Onion,104,15,130
I00859,K044,Milk,73,1,129
I00860,K001,Paneer,249,11,123
I00861,K033,Milk,83,1,78
I00862,K011,Spices,111,11,110
I00863,K002,Oil,101,21,128
I00864,K025,Paneer,233,20,91
I00865,K022,Spices,485,3,61
I00866,K033,Onion,291,6,140
I00867,K034,Spices,37,21,34
I00868,K027,Tomato,193,2,89
I00869,K020,Milk,283,16,94
I00870,K005,Onion,97,22,123
I00871,K047,Rice,199,10,116
I00872,K025,Rice,393,9,31
I00873,K043,Paneer,433,21,141
I00874,K031,Tomato,266,19,150
I00875,K045,Spices,412,11,95
I00876,K023,Chicken,421,16,74
I00877,K008,Onion,217,3,41
I00878,K014,Spices,292,1,111
I00879,K030,Rice,348,22,102
I00880,K015,Spices,417,8,136
I00881,K002,Spices,363,10,107
I00882,K003,Onion,48,14,50
I00883,K004,Rice,216,11,45
I00884,K036,Onion,126,0,63
I00885,K050,Cheese,465,6,142
I00886,K042,Flour,185,7,56
I00887,K034,Spices,60,18,32
I00888,K036,Rice,466,17,102
I00889,K008,Spices,482,18,84
I00890,K014,Flour,145,23,85
I00891,K010,Flour,60,23,97
I00892,K037,Flour,211,20,100
I00893,K019,Rice,125,24,32
I00894,K024,Paneer,252,10,42
I00895,K022,Tomato,281,13,99
I00896,K027,Chicken,300,4,73
I00897,K033,Oil,143,23,105
I00898,K026,Rice,446,8,65
I00899,K013,Paneer,265,21,72
I00900,K045,Paneer,106,13,63
I00901,K037,Cheese,371,4,94
I00902,K044,Tomato,395,24,97
I00903,K038,Paneer,259,13,35
I00904,K037,Tomato,259,17,35
I00905,K023,Spices,441,15,92
I00906,K039,Cheese,398,21,34
I00907,K001,Rice,104,20,102
I00908,K025,Cheese,56,11,69
I00909,K042,Spices,245,7,92
I00910,K015,Chicken,235,21,132
I00911,K013,Tomato,95,21,128
I00912,K046,Onion,330,11,44
I00913,K044,Tomato,339,22,124
I00914,K046,Rice,53,9,62
I00915,K019,Paneer,285,24,63
I00916,K014,Rice,207,14,114
I00917,K002,Spices,111,9,126
I00918,K027,Chicken,419,13,144
I00919,K007,Cheese,193,22,69
I00920,K029,Spices,468,18,55
I00921,K017,Spices,364,6,47
I00922,K020,Milk,284,19,77
I00923,K028,Milk,256,20,67
I00924,K032,Cheese,172,16,63
I00925,K032,Tomato,290,16,121
I00926,K010,Rice,302,23,42
I00927,K030,Tomato,405,3,73
I00928,K029,Rice,188,14,131
I00929,K036,Milk,156,16,101
I00930,K050,Tomato,296,0,147
I00931,K049,Flour,268,23,110
I00932,K019,Milk,243,17,141
I00933,K006,Chicken,209,18,50
I00934,K022,Onion,35,4,100
I00935,K036,Oil,105,13,95
I00936,K018,Oil,277,3,53
I00937,K034,Oil,377,25,89
I00938,K045,Chicken,417,17,139
I00939,K028,Tomato,129,8,57
I00940,K050,Rice,133,7,56
I00941,K033,Oil,241,9,150
I00942,K035,Onion,367,16,48
I00943,K026,Milk,215,11,141
I00944,K005,Tomato,440,4,39
I00945,K017,Paneer,326,18,82
I00946,K019,Milk,58,1,82
I00947,K049,Paneer,165,16,121
I00948,K004,Oil,61,24,117
I00949,K025,Onion,426,23,78
I00950,K029,Cheese,79,1,45
I00951,K045,Paneer,236,9,91
I00952,K036,Paneer,326,17,131
I00953,K037,Spices,225,8,66
I00954,K005,Flour,109,20,142
I00955,K037,Cheese,38,24,76
I00956,K038,Chicken,122,15,118
I00957,K032,Tomato,234,20,110
I00958,K024,Oil,185,15,38
I00959,K002,Onion,359,4,126
I00960,K023,Spices,289,16,99
I00961,K014,Cheese,400,20,84
I00962,K045,Spices,267,6,60
I00963,K007,Oil,73,7,81
I00964,K019,Tomato,195,25,108
I00965,K025,Rice,469,23,86
I00966,K038,Paneer,372,3,106
I00967,K039,Oil,235,17,121
I00968,K032,Cheese,255,15,34
I00969,K017,Onion,55,10,144
I00970,K039,Oil,200,16,53
I00971,K002,Rice,465,10,64
I00972,K024,Flour,75,21,47
I00973,K008,Flour,397,12,40
I00974,K050,Tomato,185,11,99
I00975,K001,Onion,262,12,94
I00976,K046,Chicken,293,7,109
I00977,K007,Oil,477,2,59
I00978,K043,Milk,395,17,150
I00979,K019,Cheese,346,1,78
I00980,K039,Rice,37,15,54
I00981,K034,Chicken,182,17,98
I00982,K002,Spices,77,23,98
I00983,K022,Paneer,20,13,37
I00984,K038,Milk,86,20,131
I00985,K018,Onion,448,20,86
I00986,K014,Spices,142,10,133
I00987,K031,Cheese,292,16,118
I00988,K021,Rice,386,4,139
I00989,K035,Flour,89,19,118
I00990,K022,Cheese,479,7,57
I00991,K007,Cheese,399,7,47
I00992,K037,Spices,133,6,104
I00993,K048,Tomato,164,25,82
I00994,K038,Onion,27,22,87
I00995,K016,Paneer,302,1,126
I00996,K006,Flour,167,10,123
I00997,K047,Paneer,29,10,76
I00998,K022,Rice,94,2,68
I00999,K011,Cheese,408,8,55
I01000,K041,Cheese,109,0,98
I01001,K027,Spices,472,9,56
I01002,K048,Onion,60,23,105
I01003,K009,Oil,394,10,117
I01004,K011,Onion,137,2,42
I01005,K037,Tomato,221,11,55
I01006,K027,Rice,325,1,142
I01007,K011,Chicken,347,25,81
I01008,K028,Paneer,39,6,137
I01009,K011,Chicken,476,20,72
I01010,K007,Oil,287,1,40
I01011,K004,Oil,65,19,48
I01012,K031,Cheese,463,17,62
I01013,K022,Onion,450,15,97
I01014,K031,Tomato,328,17,88
I01015,K038,Paneer,86,4,86
I01016,K039,Chicken,189,25,69
I01017,K042,Paneer,488,1,80
I01018,K004,Tomato,163,25,66
I01019,K014,Rice,443,20,31
I01020,K039,Spices,467,5,106
I01021,K037,Paneer,426,19,63
I01022,K050,Paneer,244,16,134
I01023,K007,Rice,153,8,56
I01024,K013,Rice,483,24,64
I01025,K023,Onion,454,22,124
I01026,K015,Milk,214,8,64
I01027,K030,Tomato,210,5,41
I01028,K016,Milk,40,8,41
I01029,K050,Flour,46,11,58
I01030,K038,Flour,243,19,99
I01031,K031,Tomato,258,11,63
I01032,K016,Tomato,193,14,75
I01033,K050,Milk,264,17,46
I01034,K010,Tomato,323,17,80
I01035,K034,Flour,460,4,103
I01036,K018,Flour,178,25,144
I01037,K022,Oil,427,11,39
I01038,K010,Cheese,196,18,146
I01039,K023,Oil,429,15,42
I01040,K045,Paneer,318,7,39
I01041,K005,Rice,357,1,59
I01042,K041,Flour,326,10,45
I01043,K033,Flour,285,5,43
I01044,K040,Tomato,377,19,84
I01045,K024,Spices,175,19,38
I01046,K036,Spices,395,12,131
I01047,K038,Milk,269,21,74
I01048,K026,Onion,328,21,123
I01049,K021,Chicken,451,2,138
I01050,K028,Milk,353,15,117
I01051,K026,Flour,242,22,48
I01052,K008,Onion,261,3,96
I01053,K036,Paneer,285,3,128
I01054,K038,Flour,371,12,77
I01055,K048,Spices,351,16,136
I01056,K038,Rice,186,9,124
I01057,K018,Cheese,75,9,65
I01058,K030,Milk,461,14,103
I01059,K023,Onion,328,20,137
I01060,K024,Tomato,110,6,78
I01061,K049,Rice,71,21,120
I01062,K034,Paneer,133,24,116
I01063,K005,Milk,371,16,65
I01064,K023,Spices,262,20,67
I01065,K029,Onion,487,13,96
I01066,K020,Flour,187,21,103
I01067,K016,Onion,146,24,148
I01068,K014,Milk,484,13,37
I01069,K034,Chicken,21,25,97
I01070,K012,Onion,207,14,89
I01071,K004,Onion,312,8,111
I01072,K049,Tomato,234,8,33
I01073,K041,Onion,111,12,35
I01074,K028,Chicken,323,6,138
I01075,K025,Rice,38,16,88
I01076,K022,Tomato,471,19,43
I01077,K038,Tomato,82,9,127
I01078,K001,Cheese,119,21,105
I01079,K004,Milk,310,18,97
I01080,K019,Paneer,277,18,148
I01081,K012,Oil,214,23,78
I01082,K042,Flour,68,5,129
I01083,K004,Tomato,337,6,52
I01084,K009,Flour,301,2,69
I01085,K031,Onion,365,1,67
I01086,K006,Cheese,297,7,111
I01087,K005,Tomato,459,20,42
I01088,K049,Oil,123,9,61
I01089,K015,Paneer,183,23,52
I01090,K002,Chicken,264,1,134
I01091,K048,Rice,407,6,122
I01092,K033,Chicken,34,16,77
I01093,K050,Spices,201,4,113
I01094,K008,Milk,226,11,128
I01095,K050,Milk,93,17,78
I01096,K024,Flour,180,7,55
I01097,K031,Flour,220,1,66
I01098,K038,Onion,392,15,124
I01099,K028,Tomato,390,20,105
I01100,K028,Cheese,77,1,98
I01101,K030,Onion,205,15,79
I01102,K040,Paneer,275,1,104
I01103,K040,Milk,125,23,69
I01104,K017,Spices,271,16,74
I01105,K049,Spices,312,5,58
I01106,K001,Paneer,403,21,56
I01107,K013,Flour,239,17,110
I01108,K008,Spices,46,0,91
I01109,K038,Flour,411,13,75
I01110,K021,Paneer,429,9,93
I01111,K017,Cheese,243,17,43
I01112,K048,Tomato,60,8,83
I01113,K030,Spices,184,13,78
I01114,K044,Paneer,180,4,88
I01115,K012,Onion,313,0,71
I01116,K039,Spices,175,20,124
I01117,K002,Spices,56,2,53
I01118,K039,Paneer,107,15,56
I01119,K031,Paneer,331,6,141
I01120,K036,Paneer,473,4,84
I01121,K003,Rice,356,8,143
I01122,K001,Paneer,396,17,102
I01123,K016,Tomato,29,14,58
I01124,K008,Tomato,226,12,116
I01125,K015,Spices,233,5,115
I01126,K007,Chicken,402,25,113
I01127,K041,Cheese,332,16,52
I01128,K001,Milk,340,17,99
I01129,K014,Cheese,268,22,70
I01130,K028,Tomato,462,8,133
I01131,K005,Tomato,442,2,61
I01132,K015,Onion,193,7,60
I01133,K042,Paneer,99,16,81
I01134,K020,Cheese,387,8,110
I01135,K021,Rice,79,9,69
I01136,K032,Chicken,381,4,79
I01137,K040,Chicken,273,19,62
I01138,K023,Flour,148,24,69
I01139,K007,Chicken,313,14,127
I01140,K033,Rice,172,9,128
I01141,K025,Spices,413,12,127
I01142,K028,Oil,304,6,83
I01143,K043,Oil,115,25,132
I01144,K030,Rice,117,17,59
I01145,K044,Oil,345,23,97
I01146,K016,Milk,88,22,64
I01147,K046,Spices,373,12,58
I01148,K007,Chicken,447,2,46
I01149,K010,Rice,462,10,100
I01150,K028,Flour,221,12,137
I01151,K047,Rice,319,24,77
I01152,K018,Flour,42,17,90
I01153,K044,Tomato,42,22,84
I01154,K034,Paneer,269,17,94
I01155,K013,Rice,37,12,121
I01156,K015,Flour,304,6,44
I01157,K034,Flour,219,8,103
I01158,K015,Tomato,56,25,38
I01159,K027,Flour,247,24,85
I01160,K023,Chicken,287,20,120
I01161,K048,Milk,413,20,37
I01162,K022,Onion,65,0,71
I01163,K038,Milk,433,6,34
I01164,K049,Onion,119,9,94
I01165,K005,Milk,339,22,78
I01166,K012,Tomato,379,6,76
I01167,K038,Onion,476,21,84
I01168,K005,Oil,99,7,68
I01169,K027,Milk,334,7,60
I01170,K050,Chicken,60,15,123
I01171,K016,Oil,257,10,112
I01172,K008,Oil,392,6,41
I01173,K001,Spices,481,17,100
I01174,K032,Tomato,201,11,133
I01175,K035,Rice,335,20,128
I01176,K006,Flour,300,10,65
I01177,K027,Tomato,395,5,125
I01178,K014,Rice,384,24,117
I01179,K017,Milk,281,15,84
I01180,K034,Flour,363,3,48
I01181,K002,Chicken,459,23,125
I01182,K010,Cheese,94,0,95
I01183,K011,Oil,67,8,108
I01184,K023,Onion,321,3,72
I01185,K028,Flour,61,24,146
I01186,K003,Onion,66,3,94
I01187,K033,Flour,329,18,31
I01188,K017,Rice,139,5,51
I01189,K006,Onion,358,7,85
I01190,K009,Onion,130,19,67
I01191,K016,Onion,305,11,132
I01192,K038,Spices,246,19,41
I01193,K047,Paneer,167,16,140
I01194,K047,Cheese,85,2,128
I01195,K035,Rice,326,6,53
I01196,K044,Rice,330,5,119
I01197,K021,Chicken,449,25,87
I01198,K043,Paneer,35,7,112
I01199,K009,Paneer,139,23,92
I01200,K031,Tomato,112,14,119
I01201,K035,Oil,39,16,146
I01202,K009,Chicken,235,24,112
I01203,K021,Rice,223,4,114
I01204,K043,Cheese,181,23,140
I01205,K023,Oil,283,22,83
I01206,K039,Onion,423,18,94
I01207,K018,Onion,94,6,90
I01208,K033,Tomato,174,11,47
I01209,K023,Oil,146,23,85
I01210,K021,Chicken,328,2,108
I01211,K031,Milk,445,0,124
I01212,K032,Chicken,29,13,99
I01213,K011,Chicken,44,13,113
I01214,K007,Onion,103,5,56
I01215,K040,Rice,32,12,36
I01216,K039,Onion,493,7,111
I01217,K037,Onion,186,4,123
I01218,K001,Oil,53,5,68
I01219,K006,Cheese,212,19,86
I01220,K013,Paneer,286,2,87
I01221,K001,Oil,305,8,71
I01222,K015,Oil,386,20,58
I01223,K048,Spices,364,18,42
I01224,K038,Onion,295,6,50
I01225,K006,Chicken,34,16,125
I01226,K023,Chicken,286,24,147
I01227,K002,Onion,288,13,32
I01228,K003,Onion,192,6,137
I01229,K028,Rice,261,22,82
I01230,K038,Paneer,352,13,100
I01231,K030,Rice,383,25,35
I01232,K016,Paneer,294,18,39
I01233,K038,Milk,339,20,78
I01234,K005,Tomato,346,21,52
I01235,K011,Milk,86,23,53
I01236,K027,Spices,22,12,134
I01237,K049,Rice,258,11,130
I01238,K004,Rice,177,3,117
I01239,K010,Tomato,61,15,101
I01240,K038,Spices,335,25,87
I01241,K047,Paneer,458,4,131
I01242,K010,Onion,156,12,95
I01243,K050,Flour,392,14,134
I01244,K001,Spices,388,4,132
I01245,K046,Cheese,290,25,72
I01246,K021,Oil,150,4,40
I01247,K016,Rice,219,2,109
I01248,K035,Tomato,185,0,85
I01249,K007,Spices,184,19,120
I01250,K014,Onion,259,16,41
I01251,K039,Tomato,300,18,76
I01252,K009,Tomato,121,8,137
I01253,K015,Paneer,224,16,60
I01254,K025,Oil,238,10,37
I01255,K001,Flour,322,21,33
I01256,K014,Tomato,195,10,114
I01257,K002,Onion,92,13,127
I01258,K029,Oil,300,18,135
I01259,K046,Tomato,146,1,81
I01260,K019,Onion,294,21,85
I01261,K002,Flour,288,25,61
I01262,K017,Flour,277,11,129
I01263,K015,Rice,43,4,59
I01264,K031,Onion,477,17,56
I01265,K037,Spices,283,24,49
I01266,K031,Rice,404,5,92
I01267,K009,Onion,310,23,103
I01268,K030,Rice,46,22,70
I01269,K019,Oil,173,20,109
I01270,K014,Onion,424,25,69
I01271,K026,Milk,168,15,62
I01272,K025,Chicken,253,24,83
I01273,K030,Oil,187,15,142
I01274,K024,Oil,274,2,118
I01275,K003,Milk,410,16,58
I01276,K039,Spices,71,6,65
I01277,K010,Chicken,467,3,97
I01278,K039,Flour,180,23,101
I01279,K028,Spices,83,4,142
I01280,K028,Milk,233,21,66
I01281,K007,Cheese,469,14,95
I01282,K011,Rice,86,23,144
I01283,K017,Tomato,194,23,150
I01284,K005,Milk,270,13,132
I01285,K037,Milk,430,20,127
I01286,K012,Tomato,302,25,35
I01287,K015,Tomato,158,7,135
I01288,K020,Paneer,204,11,87
I01289,K048,Milk,440,8,57
I01290,K034,Rice,273,5,135
I01291,K030,Rice,378,8,70
I01292,K018,Flour,295,3,31
I01293,K008,Onion,94,6,45
I01294,K023,Spices,403,10,45
I01295,K015,Rice,282,5,113
I01296,K001,Chicken,405,13,109
I01297,K031,Flour,75,4,33
I01298,K035,Spices,238,3,35
I01299,K023,Oil,480,7,116
I01300,K007,Paneer,257,10,141
I01301,K005,Oil,37,10,91
I01302,K008,Tomato,428,16,72
I01303,K022,Rice,472,11,87
I01304,K027,Oil,319,16,33
I01305,K021,Oil,39,8,143
I01306,K015,Oil,268,9,90
I01307,K018,Oil,282,0,147
I01308,K026,Spices,404,6,66
I01309,K041,Cheese,460,25,138
I01310,K035,Chicken,89,5,41
I01311,K029,Rice,280,1,122
I01312,K002,Tomato,438,2,125
I01313,K024,Chicken,325,15,31
I01314,K009,Oil,121,9,105
I01315,K039,Oil,223,15,126
I01316,K041,Cheese,186,15,91
I01317,K024,Paneer,57,11,30
I01318,K047,Tomato,125,6,109
I01319,K028,Milk,251,0,64
I01320,K018,Milk,308,4,79
I01321,K037,Paneer,143,25,122
I01322,K015,Oil,454,13,101
I01323,K025,Spices,365,1,111
I01324,K007,Chicken,38,8,102
I01325,K001,Tomato,284,23,106
I01326,K024,Milk,423,15,120
I01327,K004,Onion,85,4,70
I01328,K021,Tomato,167,10,99
I01329,K014,Onion,366,1,136
I01330,K011,Oil,425,1,127
I01331,K020,Cheese,499,12,117
I01332,K006,Onion,97,1,54
I01333,K050,Chicken,440,3,45
I01334,K006,Flour,296,25,45
I01335,K027,Rice,471,5,81
I01336,K017,Tomato,302,22,51
I01337,K020,Spices,332,4,135
I01338,K049,Spices,74,8,99
I01339,K041,Paneer,187,11,71
I01340,K016,Milk,182,22,125
I01341,K022,Chicken,396,17,122
I01342,K012,Paneer,293,4,125
I01343,K048,Milk,372,9,138
I01344,K038,Tomato,434,24,129
I01345,K019,Spices,256,8,92
I01346,K025,Chicken,377,24,63
I01347,K039,Oil,330,22,75
I01348,K050,Chicken,181,15,66
I01349,K022,Chicken,317,25,149
I01350,K037,Paneer,314,22,77
I01351,K007,Paneer,202,11,142
I01352,K007,Chicken,410,10,43
I01353,K030,Oil,256,5,45
I01354,K029,Chicken,477,25,147
I01355,K005,Chicken,298,10,61
I01356,K034,Onion,65,14,98
I01357,K005,Oil,57,3,121
I01358,K032,Milk,208,20,87
I01359,K023,Onion,426,19,69
I01360,K005,Onion,267,0,89
I01361,K030,Onion,465,25,63
I01362,K003,Cheese,178,0,87
I01363,K049,Cheese,195,3,113
I01364,K010,Milk,415,11,78
I01365,K017,Spices,184,21,60
I01366,K022,Paneer,289,5,92
I01367,K012,Milk,317,20,121
I01368,K039,Milk,258,2,116
I01369,K024,Cheese,426,2,98
I01370,K011,Rice,266,1,85
I01371,K045,Spices,254,16,95
I01372,K009,Onion,77,23,40
I01373,K050,Cheese,96,25,52
I01374,K020,Rice,40,17,93
I01375,K023,Paneer,130,21,106
I01376,K050,Chicken,34,14,95
I01377,K027,Onion,22,7,123
I01378,K005,Spices,190,5,34
I01379,K034,Chicken,106,5,68
I01380,K033,Flour,66,4,38
I01381,K029,Milk,166,11,86
I01382,K040,Oil,288,1,80
I01383,K006,Paneer,23,18,149
I01384,K025,Tomato,299,24,53
I01385,K003,Tomato,86,22,97
I01386,K036,Tomato,143,18,54
I01387,K020,Cheese,247,8,46
I01388,K042,Cheese,160,6,82
I01389,K017,Tomato,443,25,136
I01390,K024,Cheese,250,1,132
I01391,K024,Flour,226,9,84
I01392,K020,Rice,142,16,30
I01393,K001,Cheese,437,23,99
I01394,K039,Milk,296,12,52
I01395,K006,Spices,59,13,69
I01396,K017,Milk,435,10,120
I01397,K048,Cheese,471,23,78
I01398,K037,Rice,186,11,64
I01399,K039,Spices,183,25,72
I01400,K025,Paneer,224,21,106
I01401,K025,Tomato,216,18,88
I01402,K038,Chicken,313,14,105
I01403,K015,Onion,335,10,134
I01404,K012,Spices,40,18,77
I01405,K036,Cheese,257,3,141
I01406,K046,Chicken,230,21,78
I01407,K001,Chicken,448,25,55
I01408,K012,Rice,234,21,118
I01409,K047,Cheese,423,25,62
I01410,K026,Chicken,391,22,38
I01411,K043,Rice,352,25,115
I01412,K031,Flour,376,17,68
I01413,K043,Cheese,210,19,46
I01414,K048,Cheese,107,0,61
I01415,K010,Rice,249,12,77
I01416,K015,Milk,152,17,81
I01417,K025,Cheese,211,7,47
I01418,K019,Cheese,321,6,31
I01419,K030,Milk,32,6,74
I01420,K002,Spices,462,2,130
I01421,K006,Paneer,205,9,47
I01422,K018,Tomato,302,4,128
I01423,K039,Oil,144,10,105
I01424,K022,Cheese,120,14,101
I01425,K039,Oil,239,21,80
I01426,K019,Flour,283,7,85
I01427,K020,Spices,330,1,37
I01428,K014,Rice,449,13,89
I01429,K004,Paneer,476,18,132
I01430,K016,Oil,93,6,62
I01431,K023,Paneer,488,24,32
I01432,K048,Paneer,31,15,119
I01433,K042,Milk,286,11,147
I01434,K017,Tomato,128,4,50
I01435,K039,Onion,179,9,125
I01436,K020,Chicken,381,20,37
I01437,K048,Paneer,299,2,78
I01438,K018,Rice,128,16,61
I01439,K030,Cheese,185,23,136
I01440,K023,Cheese,95,2,36
I01441,K020,Cheese,69,13,119
I01442,K025,Rice,398,19,90
I01443,K046,Oil,376,17,47
I01444,K026,Rice,36,9,50
I01445,K002,Milk,393,23,133
I01446,K017,Chicken,447,9,147
I01447,K030,Flour,375,19,81
I01448,K005,Spices,446,17,134
I01449,K023,Chicken,128,4,64
I01450,K003,Oil,166,9,138
I01451,K012,Paneer,91,11,80
I01452,K047,Tomato,333,19,44
I01453,K007,Chicken,236,17,33
I01454,K045,Onion,273,15,78
I01455,K045,Chicken,386,4,53
I01456,K049,Chicken,374,0,118
I01457,K015,Flour,74,24,94
I01458,K028,Oil,216,0,148
I01459,K032,Paneer,420,1,42
I01460,K012,Milk,252,16,113
I01461,K005,Cheese,317,13,31
I01462,K041,Spices,356,21,93
I01463,K049,Tomato,475,17,102
I01464,K028,Chicken,382,12,83
I01465,K018,Cheese,218,2,142
I01466,K030,Milk,338,6,37
I01467,K010,Tomato,40,2,42
I01468,K031,Tomato,423,20,136
I01469,K018,Onion,57,1,116
I01470,K047,Milk,322,14,144
I01471,K040,Oil,439,23,138
I01472,K025,Paneer,342,13,85
I01473,K016,Flour,160,10,122
I01474,K028,Onion,241,3,91
I01475,K032,Chicken,124,12,141
I01476,K039,Rice,225,19,88
I01477,K017,Rice,265,16,98
I01478,K032,Onion,312,9,103
I01479,K048,Spices,258,22,106
I01480,K027,Tomato,452,3,128
I01481,K012,Onion,117,10,58
I01482,K040,Flour,345,25,91
I01483,K023,Milk,75,5,125
I01484,K011,Onion,396,25,107
I01485,K009,Paneer,159,7,85
I01486,K030,Chicken,274,7,52
I01487,K046,Chicken,439,3,126
I01488,K013,Rice,231,13,53
I01489,K046,Milk,84,4,32
I01490,K019,Cheese,156,10,99
I01491,K021,Spices,254,15,96
I01492,K042,Flour,381,7,103
I01493,K022,Tomato,251,3,137
I01494,K008,Cheese,268,22,110
I01495,K015,Flour,31,18,134
I01496,K043,Chicken,243,12,113
I01497,K032,Milk,317,9,77
I01498,K011,Oil,57,8,38
I01499,K013,Onion,398,15,128
I01500,K034,Flour,322,0,115
I01501,K003,Onion,343,16,110
I01502,K031,Tomato,103,7,57
I01503,K017,Cheese,487,12,49
I01504,K041,Chicken,344,2,94
I01505,K002,Cheese,177,0,47
I01506,K023,Oil,37,12,45
I01507,K017,Chicken,444,23,135
I01508,K008,Oil,76,5,130
I01509,K031,Tomato,238,2,92
I01510,K016,Cheese,285,22,81
I01511,K004,Milk,68,7,30
I01512,K021,Cheese,43,9,34
I01513,K041,Flour,49,7,68
I01514,K018,Milk,144,7,137
I01515,K048,Tomato,102,5,40
I01516,K028,Milk,240,11,97
I01517,K015,Cheese,432,0,75
I01518,K050,Cheese,474,9,58
I01519,K028,Cheese,456,18,118
I01520,K008,Onion,33,2,58
I01521,K002,Oil,491,5,81
I01522,K026,Tomato,76,8,45
I01523,K008,Rice,202,10,60
I01524,K033,Paneer,429,10,111
I01525,K011,Chicken,199,18,97
I01526,K016,Oil,268,7,60
I01527,K046,Cheese,464,23,119
I01528,K029,Paneer,46,3,135
I01529,K025,Chicken,368,4,122
I01530,K014,Paneer,304,7,74
I01531,K029,Oil,354,12,135
I01532,K031,Spices,114,6,44
I01533,K013,Onion,436,18,86
I01534,K044,Rice,281,24,106
I01535,K041,Flour,22,23,126
I01536,K025,Rice,243,3,80
I01537,K037,Chicken,276,18,68
I01538,K013,Flour,418,2,32
I01539,K015,Paneer,447,23,33
I01540,K016,Flour,24,25,62
I01541,K023,Paneer,345,2,126
I01542,K043,Milk,100,1,65
I01543,K009,Rice,496,18,78
I01544,K032,Paneer,463,11,74
I01545,K028,Rice,199,0,116
I01546,K050,Tomato,154,8,70
I01547,K042,Flour,71,24,92
I01548,K017,Oil,227,24,53
I01549,K019,Onion,325,19,94
I01550,K029,Chicken,456,16,58
I01551,K026,Oil,343,25,48
I01552,K007,Onion,387,12,74
I01553,K012,Spices,68,14,96
I01554,K030,Paneer,479,24,80
I01555,K030,Rice,162,18,37
I01556,K045,Chicken,250,21,59
I01557,K039,Paneer,48,6,124
I01558,K025,Tomato,393,15,80
I01559,K042,Flour,337,2,82
I01560,K048,Oil,31,3,122
I01561,K012,Cheese,198,25,117
I01562,K047,Cheese,454,21,107
I01563,K030,Spices,46,1,36
I01564,K011,Oil,250,5,121
I01565,K041,Tomato,308,16,90
I01566,K007,Oil,442,22,58
I01567,K047,Tomato,65,12,94
I01568,K027,Spices,219,14,39
I01569,K034,Spices,141,25,125
I01570,K013,Oil,358,0,122
I01571,K017,Chicken,120,21,119
I01572,K050,Chicken,52,8,94
I01573,K017,Onion,447,19,78
I01574,K050,Flour,260,3,33
I01575,K033,Tomato,485,12,71
I01576,K035,Oil,410,10,112
I01577,K028,Paneer,21,4,82
I01578,K033,Cheese,64,12,112
I01579,K025,Rice,182,25,106
I01580,K045,Flour,307,6,109
I01581,K050,Paneer,27,14,130
I01582,K005,Tomato,116,11,86
I01583,K013,Spices,322,21,71
I01584,K032,Rice,224,0,106
I01585,K038,Cheese,55,8,68
I01586,K039,Oil,460,16,41
I01587,K034,Cheese,412,15,73
I01588,K017,Spices,171,0,117
I01589,K034,Chicken,221,13,96
I01590,K013,Chicken,329,8,105
I01591,K022,Cheese,250,10,58
I01592,K026,Onion,154,1,85
I01593,K010,Onion,462,8,139
I01594,K049,Paneer,183,0,111
I01595,K038,Chicken,479,17,60
I01596,K005,Paneer,343,7,75
I01597,K017,Spices,107,9,55
I01598,K009,Milk,435,4,116
I01599,K037,Rice,478,2,136
I01600,K045,Flour,352,19,31
I01601,K044,Chicken,462,2,55
I01602,K012,Rice,27,15,146
I01603,K003,Milk,156,20,144
I01604,K030,Oil,68,4,114
I01605,K034,Tomato,432,12,75
I01606,K032,Paneer,109,8,64
I01607,K049,Flour,429,19,99
I01608,K009,Cheese,314,3,60
I01609,K027,Rice,393,22,102
I01610,K040,Milk,131,2,56
I01611,K038,Cheese,129,15,138
I01612,K025,Milk,196,4,76
I01613,K003,Spices,273,7,148
I01614,K015,Paneer,324,11,135
I01615,K019,Milk,114,5,36
I01616,K039,Rice,204,6,146
I01617,K040,Milk,105,25,117
I01618,K004,Chicken,285,3,45
I01619,K043,Paneer,417,0,102
I01620,K043,Flour,190,15,59
I01621,K010,Chicken,311,16,64
I01622,K018,Chicken,312,25,94
I01623,K004,Tomato,336,3,116
I01624,K038,Tomato,329,7,40
I01625,K020,Paneer,492,14,115
I01626,K037,Paneer,226,9,78
I01627,K033,Onion,261,6,60
I01628,K040,Onion,401,23,35
I01629,K031,Tomato,109,23,92
I01630,K043,Chicken,24,11,45
I01631,K046,Onion,473,13,53
I01632,K029,Paneer,150,5,33
I01633,K030,Paneer,411,19,30
I01634,K007,Onion,412,5,118
I01635,K028,Chicken,239,23,121
I01636,K026,Spices,442,6,123
I01637,K020,Tomato,21,22,138
I01638,K010,Chicken,459,17,126
I01639,K024,Tomato,80,5,133
I01640,K002,Milk,125,22,76
I01641,K023,Paneer,70,23,70
I01642,K016,Rice,254,17,80
I01643,K034,Onion,23,11,93
I01644,K020,Spices,54,24,58
I01645,K018,Cheese,402,24,120
I01646,K029,Rice,363,20,108
I01647,K026,Rice,230,21,118
I01648,K012,Tomato,237,10,74
I01649,K048,Rice,454,17,110
I01650,K036,Rice,461,23,30
I01651,K040,Paneer,303,3,150
I01652,K042,Tomato,448,21,55
I01653,K020,Paneer,324,6,107
I01654,K025,Flour,253,12,83
I01655,K045,Tomato,329,13,135
I01656,K050,Spices,467,25,72
I01657,K030,Spices,496,12,136
I01658,K035,Flour,457,24,80
I01659,K029,Spices,266,16,81
I01660,K035,Onion,49,5,83
I01661,K040,Paneer,449,6,140
I01662,K013,Paneer,147,20,110
I01663,K045,Cheese,308,1,92
I01664,K009,Paneer,262,16,123
I01665,K017,Flour,87,10,144
I01666,K047,Onion,401,4,31
I01667,K047,Tomato,196,18,128
I01668,K018,Rice,72,4,126
I01669,K002,Milk,107,25,60
I01670,K049,Milk,110,10,145
I01671,K023,Chicken,179,1,33
I01672,K007,Oil,64,9,56
I01673,K022,Oil,231,22,127
I01674,K031,Cheese,134,2,106
I01675,K046,Onion,23,25,117
I01676,K027,Rice,79,21,74
I01677,K050,Oil,302,1,90
I01678,K025,Milk,455,0,104
I01679,K047,Paneer,169,25,78
I01680,K035,Onion,446,12,87
I01681,K006,Oil,493,0,68
I01682,K024,Spices,164,12,91
I01683,K013,Chicken,293,9,147
I01684,K028,Spices,477,18,41
I01685,K044,Milk,346,13,102
I01686,K011,Paneer,169,10,90
I01687,K042,Oil,383,9,130
I01688,K018,Chicken,155,14,65
I01689,K033,Oil,291,14,110
I01690,K027,Rice,493,17,42
I01691,K050,Milk,341,10,71
I01692,K012,Spices,417,19,40
I01693,K041,Rice,489,17,75
I01694,K043,Spices,300,8,51
I01695,K011,Onion,189,22,142
I01696,K023,Cheese,83,10,53
I01697,K005,Oil,112,2,108
I01698,K027,Spices,177,1,80
I01699,K048,Oil,266,10,95
I01700,K004,Chicken,463,6,69
I01701,K049,Cheese,214,4,147
I01702,K016,Milk,219,11,125
I01703,K037,Onion,383,2,69
I01704,K019,Spices,361,24,51
I01705,K004,Milk,42,12,82
I01706,K005,Chicken,463,20,89
I01707,K033,Chicken,491,0,88
I01708,K031,Tomato,60,14,63
I01709,K019,Flour,194,21,68
I01710,K024,Cheese,197,8,82
I01711,K037,Milk,45,3,132
I01712,K017,Chicken,235,6,43
I01713,K030,Chicken,235,18,120
I01714,K015,Rice,358,1,116
I01715,K030,Tomato,205,10,64
I01716,K050,Spices,118,24,42
I01717,K031,Paneer,303,12,83
I01718,K039,Cheese,496,16,119
I01719,K014,Rice,166,18,104
I01720,K040,Rice,302,7,142
I01721,K033,Oil,322,22,126
I01722,K036,Tomato,341,3,94
I01723,K029,Milk,116,8,94
I01724,K046,Paneer,245,13,62
I01725,K010,Chicken,197,19,100
I01726,K042,Paneer,38,16,39
I01727,K044,Onion,344,5,142
I01728,K010,Tomato,392,9,98
I01729,K049,Onion,23,16,74
I01730,K013,Onion,140,5,83
I01731,K013,Flour,323,4,66
I01732,K003,Spices,491,12,124
I01733,K041,Cheese,217,3,32
I01734,K023,Chicken,320,8,81
I01735,K009,Cheese,459,11,84
I01736,K003,Cheese,358,24,119
I01737,K032,Flour,496,14,133
I01738,K005,Onion,211,20,135
I01739,K013,Milk,140,22,123
I01740,K042,Tomato,129,7,107
I01741,K043,Tomato,36,3,94
I01742,K022,Flour,461,13,81
I01743,K036,Chicken,320,24,81
I01744,K036,Milk,430,5,89
I01745,K014,Milk,40,13,81
I01746,K036,Milk,44,18,130
I01747,K039,Rice,70,14,91
I01748,K030,Cheese,342,15,60
I01749,K031,Rice,361,16,136
I01750,K012,Rice,66,16,131
I01751,K014,Rice,89,1,129
I01752,K048,Onion,193,10,84
I01753,K022,Onion,25,3,81
I01754,K019,Paneer,183,21,129
I01755,K031,Milk,255,20,127
I01756,K004,Flour,352,16,132
I01757,K007,Flour,341,21,101
I01758,K050,Rice,340,25,64
I01759,K017,Flour,259,9,142
I01760,K008,Milk,361,1,57
I01761,K028,Spices,103,1,101
I01762,K021,Paneer,109,18,65
I01763,K021,Rice,397,15,76
I01764,K026,Cheese,83,22,85
I01765,K047,Chicken,495,16,59
I01766,K035,Paneer,49,0,137
I01767,K035,Rice,100,23,73
I01768,K025,Flour,398,8,139
I01769,K011,Chicken,497,7,84
I01770,K011,Rice,67,16,92
I01771,K046,Flour,110,5,52
I01772,K022,Rice,246,16,67
I01773,K025,Chicken,386,25,98
I01774,K018,Spices,100,20,81
I01775,K013,Oil,323,19,110
I01776,K003,Rice,484,24,92
I01777,K002,Rice,500,19,96
I01778,K010,Spices,229,19,112
I01779,K007,Rice,330,24,50
I01780,K005,Cheese,43,16,43
I01781,K014,Chicken,401,3,62
I01782,K029,Chicken,149,12,121
I01783,K034,Spices,500,10,129
I01784,K024,Milk,56,7,70
I01785,K029,Paneer,339,24,150
I01786,K010,Spices,329,0,115
I01787,K005,Spices,400,19,67
I01788,K046,Rice,407,13,30
I01789,K004,Paneer,142,8,96
I01790,K016,Onion,258,8,121
I01791,K014,Rice,159,0,134
I01792,K032,Rice,493,11,127
I01793,K021,Cheese,234,17,57
I01794,K021,Oil,106,14,121
I01795,K007,Oil,262,3,37
I01796,K029,Oil,76,11,93
I01797,K015,Spices,266,9,69
I01798,K025,Spices,297,17,143
I01799,K034,Rice,404,2,97
I01800,K046,Spices,387,1,66
I01801,K048,Chicken,260,23,83
I01802,K011,Oil,105,7,115
I01803,K035,Oil,390,21,132
I01804,K043,Flour,324,21,129
I01805,K023,Rice,122,14,91
I01806,K033,Onion,96,5,120
I01807,K003,Paneer,398,18,141
I01808,K029,Oil,186,24,137
I01809,K033,Milk,90,17,99
I01810,K025,Rice,64,25,57
I01811,K050,Flour,450,24,32
I01812,K024,Rice,183,7,102
I01813,K018,Milk,369,14,38
I01814,K046,Tomato,278,22,71
I01815,K011,Spices,266,11,150
I01816,K030,Onion,330,3,138
I01817,K016,Rice,145,21,40
I01818,K010,Oil,81,4,111
I01819,K024,Milk,182,8,54
I01820,K014,Spices,417,0,104
I01821,K024,Cheese,475,3,52
I01822,K014,Oil,332,17,32
I01823,K002,Rice,190,14,120
I01824,K018,Tomato,233,12,109
I01825,K023,Oil,412,6,126
I01826,K024,Milk,219,12,80
I01827,K002,Chicken,487,17,122
I01828,K030,Spices,497,8,59
I01829,K029,Milk,243,4,136
I01830,K027,Rice,263,7,150
I01831,K029,Paneer,152,11,89
I01832,K022,Milk,398,21,57
I01833,K030,Paneer,159,23,96
I01834,K024,Tomato,287,2,41
I01835,K049,Milk,466,0,136
I01836,K037,Milk,149,4,84
I01837,K025,Tomato,264,14,70
I01838,K047,Rice,200,9,114
I01839,K038,Milk,454,7,127
I01840,K017,Oil,20,2,108
I01841,K040,Flour,306,12,33
I01842,K014,Rice,447,18,56
I01843,K040,Flour,78,25,100
I01844,K006,Flour,103,19,134
I01845,K012,Paneer,412,13,76
I01846,K004,Oil,109,7,85
I01847,K004,Flour,202,25,69
I01848,K002,Chicken,457,25,93
I01849,K030,Chicken,99,22,100
I01850,K041,Flour,464,19,81
I01851,K012,Cheese,233,15,141
I01852,K044,Paneer,104,2,122
I01853,K040,Rice,417,21,108
I01854,K016,Tomato,179,5,91
I01855,K035,Tomato,394,20,75
I01856,K022,Paneer,309,19,37
I01857,K013,Spices,409,0,95
I01858,K029,Tomato,372,17,111
I01859,K007,Flour,169,24,90
I01860,K041,Tomato,440,14,51
I01861,K031,Paneer,113,2,65
I01862,K036,Rice,42,2,42
I01863,K045,Onion,42,24,125
I01864,K021,Spices,162,14,73
I01865,K015,Paneer,393,21,130
I01866,K009,Cheese,337,23,104
I01867,K010,Oil,489,20,78
I01868,K029,Paneer,123,3,149
I01869,K034,Onion,393,14,75
I01870,K017,Spices,405,19,146
I01871,K010,Onion,397,19,68
I01872,K020,Paneer,495,10,37
I01873,K032,Milk,283,6,120
I01874,K045,Spices,427,14,94
I01875,K008,Chicken,316,4,73
I01876,K037,Oil,97,14,132
I01877,K009,Rice,343,23,59
I01878,K016,Cheese,238,25,63
I01879,K048,Milk,117,17,42
I01880,K031,Onion,332,25,117
I01881,K026,Onion,215,19,91
I01882,K005,Chicken,298,1,34
I01883,K024,Flour,343,5,148
I01884,K014,Oil,122,14,126
I01885,K038,Milk,491,15,78
I01886,K034,Milk,220,5,41
I01887,K026,Rice,210,11,39
I01888,K025,Tomato,38,2,105
I01889,K036,Cheese,179,5,129
I01890,K011,Onion,339,6,61
I01891,K023,Oil,206,19,106
I01892,K006,Onion,294,3,128
I01893,K023,Cheese,160,16,57
I01894,K002,Oil,25,12,36
I01895,K027,Rice,311,4,108
I01896,K043,Tomato,435,10,83
I01897,K005,Spices,355,21,66
I01898,K049,Onion,83,12,127
I01899,K020,Onion,381,12,69
I01900,K003,Tomato,59,18,35
I01901,K036,Oil,396,8,133
I01902,K042,Spices,431,16,130
I01903,K047,Milk,56,4,36
I01904,K024,Paneer,282,11,141
I01905,K015,Flour,467,24,124
I01906,K023,Milk,104,21,86
I01907,K045,Spices,322,13,71
I01908,K008,Oil,125,6,137
I01909,K008,Paneer,402,20,103
I01910,K012,Cheese,165,17,108
I01911,K002,Chicken,357,20,129
I01912,K017,Rice,145,24,69
I01913,K014,Oil,77,12,119
I01914,K019,Milk,349,12,57
I01915,K032,Paneer,329,15,57
I01916,K039,Tomato,281,2,43
I01917,K018,Rice,273,14,120
I01918,K046,Oil,217,7,41
I01919,K023,Rice,484,16,71
I01920,K007,Paneer,360,12,128
I01921,K008,Rice,359,2,40
I01922,K012,Tomato,147,11,110
I01923,K040,Paneer,103,3,141
I01924,K017,Milk,349,22,78
I01925,K022,Tomato,318,12,92
I01926,K033,Oil,367,5,114
I01927,K023,Onion,225,12,40
I01928,K040,Onion,487,7,140
I01929,K007,Chicken,91,9,147
I01930,K039,Onion,227,8,114
I01931,K010,Paneer,407,11,63
I01932,K018,Tomato,27,17,105
I01933,K043,Cheese,70,15,124
I01934,K016,Flour,186,0,94
I01935,K026,Cheese,234,5,36
I01936,K030,Spices,483,3,88
I01937,K031,Paneer,255,20,96
I01938,K013,Rice,106,1,131
I01939,K001,Oil,123,5,141
I01940,K048,Tomato,93,13,89
I01941,K029,Cheese,267,23,36
I01942,K005,Rice,212,24,49
I01943,K012,Chicken,256,21,105
I01944,K049,Flour,419,8,30
I01945,K014,Paneer,87,8,59
I01946,K014,Cheese,158,24,39
I01947,K015,Oil,206,7,120
I01948,K030,Tomato,324,20,77
I01949,K017,Rice,153,14,126
I01950,K016,Cheese,361,5,76
I01951,K044,Spices,75,6,121
I01952,K032,Tomato,279,15,113
I01953,K040,Tomato,446,0,98
I01954,K004,Oil,89,7,106
I01955,K046,Oil,25,21,48
I01956,K002,Cheese,152,12,95
I01957,K024,Paneer,366,14,35
I01958,K023,Flour,391,25,121
I01959,K010,Flour,50,1,137
I01960,K004,Onion,344,0,130
I01961,K024,Rice,52,2,136
I01962,K008,Milk,163,15,115
I01963,K047,Onion,379,19,137
I01964,K006,Tomato,460,20,69
I01965,K030,Paneer,363,15,90
I01966,K046,Flour,216,5,103
I01967,K050,Rice,431,17,129
I01968,K021,Spices,186,15,143
I01969,K045,Rice,170,6,39
I01970,K046,Onion,214,10,61
I01971,K014,Cheese,273,19,90
I01972,K022,Spices,82,14,52
I01973,K005,Cheese,69,14,31
I01974,K035,Oil,202,23,125
I01975,K028,Spices,469,8,135
I01976,K042,Cheese,84,2,47
I01977,K036,Onion,123,10,119
I01978,K021,Cheese,298,15,93
I01979,K001,Tomato,385,22,75
I01980,K006,Tomato,406,22,52
I01981,K006,Chicken,131,6,58
I01982,K024,Chicken,343,3,47
I01983,K008,Onion,302,1,102
I01984,K035,Milk,332,19,74
I01985,K001,Spices,294,21,83
I01986,K046,Rice,388,17,79
I01987,K028,Tomato,382,13,140
I01988,K028,Spices,82,4,143
I01989,K017,Oil,229,9,69
I01990,K006,Oil,334,7,150
I01991,K005,Rice,69,1,118
I01992,K047,Spices,80,12,118
I01993,K015,Flour,498,8,72
I01994,K049,Flour,444,3,145
I01995,K029,Onion,451,2,64
I01996,K025,Paneer,215,14,53
I01997,K011,Chicken,154,12,106
I01998,K019,Paneer,161,16,149
I01999,K034,Tomato,258,14,48
I02000,K023,Cheese,242,7,36
