MenuID,ItemName,Category,CostPrice,SellingPrice
M001,Item M001,Dessert,227,344
M002,Item M002,Chinese,220,380
M003,Item M003,Wraps,155,330
M004,Item M004,Biryani,194,303
M005,Item M005,Pizza,172,264
M006,Item M006,Wraps,178,317
M007,Item M007,Beverages,207,337
M008,Item M008,South Indian,90,255
M009,Item M009,South Indian,246,322
M010,Item M010,Dessert,93,241
M011,Item M011,Burger,187,310
M012,Item M012,Dessert,100,216
M013,Item M013,Pizza,195,354
M014,Item M014,Pizza,185,358
M015,Item M015,Wraps,181,272
M016,Item M016,South Indian,200,309
M017,Item M017,Dessert,208,276
M018,Item M018,Biryani,249,349
M019,Item M019,South Indian,119,233
M020,Item M020,Beverages,138,288
M021,Item M021,Burger,198,284
M022,Item M022,Wraps,85,152
M023,Item M023,Dessert,203,364
M024,Item M024,Dessert,115,276
M025,Item M025,Burger,82,180
M026,Item M026,Pizza,175,297
M027,Item M027,Dessert,99,180
M028,Item M028,Dessert,139,240
M029,Item M029,Burger,94,253
M030,Item M030,Wraps,118,247
M031,Item M031,Wraps,188,256
M032,Item M032,Biryani,130,199
M033,Item M033,Dessert,247,337
M034,Item M034,Wraps,225,316
M035,Item M035,Dessert,179,347
M036,Item M036,South Indian,81,163
M037,Item M037,Dessert,217,291
M038,Item M038,Pizza,227,343
M039,Item M039,Burger,152,271
M040,Item M040,South Indian,150,246
M041,Item M041,Beverages,233,397
M042,Item M042,Dessert,249,378
M043,Item M043,Biryani,179,306
M044,Item M044,Dessert,197,350
M045,Item M045,Wraps,233,356
M046,Item M046,South Indian,196,278
M047,Item M047,South Indian,190,278
M048,Item M048,Burger,167,225
M049,Item M049,South Indian,157,225
M050,Item M050,Biryani,123,293
M051,Item M051,Pizza,183,283
M052,Item M052,South Indian,128,214
M053,Item M053,Pizza,213,376
M054,Item M054,Biryani,159,221
M055,Item M055,Chinese,151,228
M056,Item M056,Biryani,235,295
M057,Item M057,Dessert,201,296
M058,Item M058,South Indian,195,253
M059,Item M059,Biryani,162,301
M060,Item M060,Chinese,150,319
M061,Item M061,Chinese,194,307
M062,Item M062,Burger,184,340
M063,Item M063,South Indian,183,246
M064,Item M064,Wraps,112,234
M065,Item M065,Pizza,216,324
M066,Item M066,Dessert,84,252
M067,Item M067,Burger,220,388
M068,Item M068,Biryani,99,149
M069,Item M069,Wraps,227,352
M070,Item M070,Beverages,99,259
M071,Item M071,Pizza,226,379
M072,Item M072,Pizza,95,210
M073,Item M073,Wraps,186,334
M074,Item M074,Burger,195,293
M075,Item M075,Dessert,226,354
M076,Item M076,Beverages,192,244
M077,Item M077,Wraps,113,279
M078,Item M078,Wraps,197,288
M079,Item M079,Beverages,237,417
M080,Item M080,Dessert,95,165
M081,Item M081,Burger,147,284
M082,Item M082,Pizza,83,257
M083,Item M083,Dessert,145,310
M084,Item M084,Pizza,216,344
M085,Item M085,Biryani,215,330
M086,Item M086,Biryani,178,333
M087,Item M087,Pizza,128,298
M088,Item M088,Beverages,163,320
M089,Item M089,South Indian,130,195
M090,Item M090,Chinese,121,218
M091,Item M091,Dessert,210,358
M092,Item M092,Wraps,159,319
M093,Item M093,Wraps,195,347
M094,Item M094,Biryani,83,148
M095,Item M095,Beverages,88,194
M096,Item M096,Burger,247,358
M097,Item M097,Pizza,110,198
M098,Item M098,Burger,224,315
M099,Item M099,Burger,239,410
M100,Item M100,Chinese,80,178
M101,Item M101,Biryani,225,405
M102,Item M102,Dessert,161,222
M103,Item M103,Burger,142,277
M104,Item M104,Chinese,122,218
M105,Item M105,Wraps,140,270
M106,Item M106,Beverages,242,345
M107,Item M107,Wraps,223,285
M108,Item M108,Beverages,193,345
M109,Item M109,Burger,235,288
M110,Item M110,Burger,187,311
M111,Item M111,Beverages,90,255
M112,Item M112,Biryani,202,253
M113,Item M113,Burger,175,240
M114,Item M114,Chinese,198,271
M115,Item M115,Dessert,198,361
M116,Item M116,Beverages,81,138
M117,Item M117,Wraps,206,373
M118,Item M118,Biryani,161,322
M119,Item M119,Chinese,233,377
M120,Item M120,Biryani,226,296
M121,Item M121,Pizza,250,368
M122,Item M122,Pizza,183,317
M123,Item M123,Burger,191,345
M124,Item M124,Chinese,219,352
M125,Item M125,Biryani,121,267
M126,Item M126,Wraps,84,231
M127,Item M127,South Indian,220,285
M128,Item M128,Beverages,223,383
M129,Item M129,South Indian,188,298
M130,Item M130,Dessert,119,254
M131,Item M131,Burger,116,287
M132,Item M132,South Indian,97,198
M133,Item M133,Chinese,228,371
M134,Item M134,South Indian,147,216
M135,Item M135,Beverages,179,346
M136,Item M136,Pizza,129,233
M137,Item M137,Chinese,231,390
M138,Item M138,Beverages,161,254
M139,Item M139,Burger,218,385
M140,Item M140,Pizza,127,289
M141,Item M141,Burger,180,293
M142,Item M142,Pizza,132,271
M143,Item M143,South Indian,219,315
M144,Item M144,Pizza,80,244
M145,Item M145,Burger,239,355
M146,Item M146,Dessert,159,307
M147,Item M147,Wraps,126,215
M148,Item M148,Dessert,194,357
M149,Item M149,Chinese,190,301
M150,Item M150,Biryani,159,213
M151,Item M151,Burger,207,305
M152,Item M152,Beverages,217,362
M153,Item M153,Chinese,180,335
M154,Item M154,Chinese,87,240
M155,Item M155,Dessert,220,353
M156,Item M156,South Indian,158,217
M157,Item M157,Biryani,241,329
M158,Item M158,Biryani,204,256
M159,Item M159,Wraps,167,238
M160,Item M160,Dessert,200,288
M161,Item M161,Chinese,164,326
M162,Item M162,Chinese,178,251
M163,Item M163,South Indian,105,240
M164,Item M164,South Indian,127,207
M165,Item M165,Burger,125,221
M166,Item M166,South Indian,117,198
M167,Item M167,Beverages,203,276
M168,Item M168,Beverages,116,227
M169,Item M169,Dessert,210,300
M170,Item M170,Wraps,131,266
M171,Item M171,Pizza,137,243
M172,Item M172,Biryani,140,192
M173,Item M173,Beverages,173,346
M174,Item M174,South Indian,91,262
M175,Item M175,South Indian,80,197
M176,Item M176,Dessert,249,385
M177,Item M177,Beverages,201,361
M178,Item M178,Burger,85,209
M179,Item M179,Biryani,193,286
M180,Item M180,Biryani,237,393
M181,Item M181,Burger,247,404
M182,Item M182,Pizza,134,193
M183,Item M183,Chinese,144,237
M184,Item M184,Pizza,211,351
M185,Item M185,South Indian,201,358
M186,Item M186,Biryani,246,316
M187,Item M187,Beverages,164,333
M188,Item M188,Chinese,112,179
M189,Item M189,Chinese,194,325
M190,Item M190,Wraps,220,296
M191,Item M191,Pizza,197,305
M192,Item M192,South Indian,241,415
M193,Item M193,Burger,223,340
M194,Item M194,Pizza,121,211
M195,Item M195,Burger,88,170
M196,Item M196,Beverages,250,428
M197,Item M197,Beverages,114,188
M198,Item M198,South Indian,204,374
M199,Item M199,Beverages,137,232
M200,Item M200,South Indian,199,288
M201,Item M201,Burger,122,283
M202,Item M202,Beverages,220,369
M203,Item M203,South Indian,112,225
M204,Item M204,Burger,158,266
M205,Item M205,South Indian,177,323
M206,Item M206,Wraps,88,232
M207,Item M207,Biryani,117,262
M208,Item M208,Pizza,105,228
M209,Item M209,Beverages,129,231
M210,Item M210,Burger,234,301
M211,Item M211,South Indian,83,260
M212,Item M212,Burger,147,257
M213,Item M213,Chinese,84,235
M214,Item M214,Pizza,182,334
M215,Item M215,South Indian,237,311
M216,Item M216,Wraps,178,326
M217,Item M217,Biryani,133,195
M218,Item M218,Chinese,158,247
M219,Item M219,Biryani,215,317
M220,Item M220,Burger,179,295
M221,Item M221,Beverages,119,227
M222,Item M222,Pizza,213,360
M223,Item M223,Burger,145,284
M224,Item M224,Biryani,114,183
M225,Item M225,Dessert,99,236
M226,Item M226,Pizza,147,247
M227,Item M227,Pizza,239,356
M228,Item M228,Dessert,134,213
M229,Item M229,Chinese,208,290
M230,Item M230,Burger,192,292
M231,Item M231,Pizza,204,360
M232,Item M232,Chinese,231,323
M233,Item M233,Burger,233,347
M234,Item M234,Chinese,202,258
M235,Item M235,Dessert,202,344
M236,Item M236,Biryani,116,296
M237,Item M237,Chinese,192,323
M238,Item M238,Beverages,122,187
M239,Item M239,Wraps,124,179
M240,Item M240,Biryani,100,168
M241,Item M241,Biryani,154,205
M242,Item M242,Burger,83,256
M243,Item M243,South Indian,209,286
M244,Item M244,Wraps,196,283
M245,Item M245,Chinese,127,288
M246,Item M246,Beverages,163,270
M247,Item M247,Biryani,246,340
M248,Item M248,Dessert,186,297
M249,Item M249,Pizza,159,236
M250,Item M250,Wraps,98,215
